_il,_it,_el,_et,cl_1,cl_2,cl_3,cl_4,cl_5
0.00174,0.0003965,0.003725,0.00158,1,2,2,2,4
0.00257,0.0003965,0.003725,0.00158,1,2,2,2,4
0.0034,0.0003965,0.003725,0.00158,1,2,2,2,4
0.00257,0.000193,0.003725,0.00158,1,2,2,1,3
0.00257,0.0006,0.003725,0.00158,1,2,1,3,1
0.00257,0.0003965,0.0012,0.00158,1,1,3,4,5
0.00257,0.0003965,0.00625,0.00158,1,2,2,2,4
0.00257,0.0003965,0.003725,0.0008,1,2,1,3,2
0.00257,0.0003965,0.003725,0.00236,1,2,2,1,3
